9, user_joined_queue, 0
19, user_joined_queue, 1
29, user_joined_queue, 2
39, user_joined_queue, 3
49, user_joined_queue, 4
59, user_joined_queue, 5
69, user_joined_queue, 6
79, user_joined_queue, 7
89, user_joined_queue, 8
99, user_joined_queue, 9
99, user_game_played, 0, false
99, user_game_played, 2, false
99, user_game_played, 4, false
99, user_game_played, 6, false
99, user_game_played, 8, false
99, user_game_played, 1, true
99, user_game_played, 3, true
99, user_game_played, 5, true
99, user_game_played, 7, true
99, user_game_played, 9, true
99, game_created
109, user_joined_queue, 10
119, user_joined_queue, 11
129, user_joined_queue, 12
139, user_joined_queue, 13
149, user_joined_queue, 14
159, user_joined_queue, 15
169, user_joined_queue, 16
179, user_joined_queue, 17
189, user_joined_queue, 18
199, user_joined_queue, 19
199, user_game_played, 10, false
199, user_game_played, 12, false
199, user_game_played, 14, false
199, user_game_played, 16, false
199, user_game_played, 18, false
199, user_game_played, 11, true
199, user_game_played, 13, true
199, user_game_played, 15, true
199, user_game_played, 17, true
199, user_game_played, 19, true
199, game_created
209, user_joined_queue, 20
219, user_joined_queue, 21
229, user_joined_queue, 22
239, user_joined_queue, 23
249, user_joined_queue, 24
259, user_joined_queue, 25
269, user_joined_queue, 26
279, user_joined_queue, 27
289, user_joined_queue, 28
299, user_joined_queue, 29
299, user_game_played, 20, false
299, user_game_played, 22, false
299, user_game_played, 24, false
299, user_game_played, 26, false
299, user_game_played, 28, false
299, user_game_played, 21, true
299, user_game_played, 23, true
299, user_game_played, 25, true
299, user_game_played, 27, true
299, user_game_played, 29, true
299, game_created
309, user_joined_queue, 30
319, user_joined_queue, 31
329, user_joined_queue, 32
339, user_joined_queue, 33
349, user_joined_queue, 34
359, user_joined_queue, 35
369, user_joined_queue, 36
379, user_joined_queue, 37
389, user_joined_queue, 38
399, user_joined_queue, 39
399, user_game_played, 30, false
399, user_game_played, 32, false
399, user_game_played, 34, false
399, user_game_played, 36, false
399, user_game_played, 38, false
399, user_game_played, 31, true
399, user_game_played, 33, true
399, user_game_played, 35, true
399, user_game_played, 37, true
399, user_game_played, 39, true
399, game_created
409, user_joined_queue, 40
419, user_joined_queue, 41
429, user_joined_queue, 42
439, user_joined_queue, 43
449, user_joined_queue, 44
459, user_joined_queue, 45
469, user_joined_queue, 46
479, user_joined_queue, 47
489, user_joined_queue, 48
499, user_joined_queue, 49
499, user_game_played, 40, false
499, user_game_played, 42, false
499, user_game_played, 44, false
499, user_game_played, 46, false
499, user_game_played, 48, false
499, user_game_played, 41, true
499, user_game_played, 43, true
499, user_game_played, 45, true
499, user_game_played, 47, true
499, user_game_played, 49, true
499, game_created
509, user_joined_queue, 50
519, user_joined_queue, 51
529, user_joined_queue, 52
539, user_joined_queue, 53
549, user_joined_queue, 54
559, user_joined_queue, 55
569, user_joined_queue, 56
579, user_joined_queue, 57
589, user_joined_queue, 58
599, user_joined_queue, 59
599, user_game_played, 50, false
599, user_game_played, 52, false
599, user_game_played, 54, false
599, user_game_played, 56, false
599, user_game_played, 58, false
599, user_game_played, 51, true
599, user_game_played, 53, true
599, user_game_played, 55, true
599, user_game_played, 57, true
599, user_game_played, 59, true
599, game_created
609, user_joined_queue, 60
619, user_joined_queue, 61
629, user_joined_queue, 62
639, user_joined_queue, 63
649, user_joined_queue, 64
659, user_joined_queue, 65
669, user_joined_queue, 66
679, user_joined_queue, 67
689, user_joined_queue, 68
699, user_joined_queue, 69
699, user_game_played, 60, false
699, user_game_played, 62, false
699, user_game_played, 64, false
699, user_game_played, 66, false
699, user_game_played, 68, false
699, user_game_played, 61, true
699, user_game_played, 63, true
699, user_game_played, 65, true
699, user_game_played, 67, true
699, user_game_played, 69, true
699, game_created
709, user_joined_queue, 70
719, user_joined_queue, 71
729, user_joined_queue, 72
739, user_joined_queue, 73
749, user_joined_queue, 74
759, user_joined_queue, 75
769, user_joined_queue, 76
779, user_joined_queue, 77
789, user_joined_queue, 78
799, user_joined_queue, 79
799, user_game_played, 70, false
799, user_game_played, 72, false
799, user_game_played, 74, false
799, user_game_played, 76, false
799, user_game_played, 78, false
799, user_game_played, 71, true
799, user_game_played, 73, true
799, user_game_played, 75, true
799, user_game_played, 77, true
799, user_game_played, 79, true
799, game_created
809, user_joined_queue, 80
819, user_joined_queue, 81
829, user_joined_queue, 82
839, user_joined_queue, 83
849, user_joined_queue, 84
859, user_joined_queue, 85
869, user_joined_queue, 86
879, user_joined_queue, 87
889, user_joined_queue, 88
899, user_joined_queue, 89
899, user_game_played, 80, false
899, user_game_played, 82, false
899, user_game_played, 84, false
899, user_game_played, 86, false
899, user_game_played, 88, false
899, user_game_played, 81, true
899, user_game_played, 83, true
899, user_game_played, 85, true
899, user_game_played, 87, true
899, user_game_played, 89, true
899, game_created
909, user_joined_queue, 90
919, user_joined_queue, 91
929, user_joined_queue, 92
939, user_joined_queue, 93
949, user_joined_queue, 94
959, user_joined_queue, 95
969, user_joined_queue, 96
979, user_joined_queue, 97
989, user_joined_queue, 98
999, user_joined_queue, 99
999, user_game_played, 90, false
999, user_game_played, 92, false
999, user_game_played, 94, false
999, user_game_played, 96, false
999, user_game_played, 98, false
999, user_game_played, 91, true
999, user_game_played, 93, true
999, user_game_played, 95, true
999, user_game_played, 97, true
999, user_game_played, 99, true
999, game_created
